"Fecha","Último","Apertura","Máximo","Mínimo","Vol.","% var."
"01.11.2022","177,58","142,12","179,32","141,54","8,88M","24,61%"
"01.10.2022","142,51","122,00","150,14","121,03","7,87M","17,70%"
"01.09.2022","121,08","157,28","160,95","120,99","8,29M","-24,44%"
"01.08.2022","160,25","165,86","173,81","157,93","6,20M","0,59%"
"01.07.2022","159,31","135,40","163,14","131,32","5,64M","16,52%"
"01.06.2022","136,72","133,00","147,18","113,02","239,35M","4,05%"
"01.05.2022","131,40","148,02","157,99","117,08","229,24M","-11,72%"
"01.04.2022","148,84","192,58","192,62","146,00","182,45M","-22,28%"
"01.03.2022","191,50","202,59","203,40","167,72","6,39M","-6,74%"
"01.02.2022","205,34","202,48","223,23","186,88","167,26M","2,55%"
"01.01.2022","200,24","204,00","229,67","183,77","219,05M","-0,54%"
"01.12.2021","201,32","200,81","212,68","185,26","212,74M","1,75%"
"01.11.2021","197,85","207,00","233,94","193,85","222,54M","-4,43%"
"01.10.2021","207,03","222,85","232,10","204,60","171,55M","-5,87%"
"01.09.2021","219,94","220,00","229,94","206,53","194,05M","0,20%"
"01.08.2021","219,50","227,19","241,15","210,94","187,93M","-3,08%"
"01.07.2021","226,48","240,36","241,80","204,80","272,40M","-5,46%"
"01.06.2021","239,56","253,00","258,40","235,66","263,28M","-3,02%"
"01.05.2021","247,02","234,11","252,60","219,07","258,43M","5,42%"
"01.04.2021","234,31","256,67","260,48","230,22","260,88M","-8,01%"
"01.03.2021","254,72","219,60","278,57","213,80","518,60M","20,15%"
"01.02.2021","212,01","196,00","229,61","192,86","244,15M","9,18%"
"01.01.2021","194,19","210,00","216,60","191,85","257,76M","-9,28%"
"01.12.2020","214,06","214,31","244,08","210,30","409,48M","1,59%"
"01.11.2020","210,71","145,75","223,02","143,38","526,77M","45,93%"
"01.10.2020","144,39","170,15","175,56","141,58","422,02M","-12,63%"
"01.09.2020","165,26","170,71","180,85","145,02","464,41M","-3,82%"
"01.08.2020","171,82","156,51","189,97","153,41","624,76M","8,75%"
"01.07.2020","158,00","185,88","190,61","156,26","802,65M","-13,80%"
"01.06.2020","183,30","145,45","234,20","144,55","1,47B","25,68%"
"01.05.2020","145,85","143,23","156,70","113,89","612,08M","3,43%"
"01.04.2020","141,02","138,91","164,80","120,02","819,32M","-5,44%"
"01.03.2020","149,14","279,54","297,44","89,00","744,05M","-45,79%"
"01.02.2020","275,11","318,75","349,95","269,60","118,32M","-13,56%"
"01.01.2020","318,27","328,55","344,19","302,72","181,66M","-2,30%"
"01.12.2019","325,76","367,08","367,38","320,61","127,81M","-11,04%"
"01.11.2019","366,18","340,59","375,60","339,50","86,79M","7,73%"
"01.10.2019","339,91","381,70","382,85","324,40","112,80M","-10,66%"
"01.09.2019","380,47","354,11","391,00","350,61","79,38M","4,50%"
"01.08.2019","364,09","341,91","369,69","319,55","95,92M","6,71%"
"01.07.2019","341,18","364,88","382,48","336,56","104,19M","-6,27%"
"01.06.2019","364,01","338,20","379,31","330,67","80,83M","6,56%"
"01.05.2019","341,61","378,53","381,20","337,00","102,80M","-9,55%"
"01.04.2019","377,69","385,80","398,66","362,92","141,41M","-0,98%"
"01.03.2019","381,42","446,01","446,01","361,52","256,77M","-13,31%"
"01.02.2019","439,96","386,11","441,42","384,73","76,88M","14,09%"
"01.01.2019","385,62","316,19","391,97","309,40","90,79M","19,57%"
"01.12.2018","322,50","364,31","369,00","292,47","91,16M","-7,00%"
"01.11.2018","346,76","357,47","373,70","296,61","85,45M","-2,28%"
"01.10.2018","354,86","375,16","394,28","328,63","100,26M","-4,58%"
"01.09.2018","371,90","341,60","374,22","337,31","64,53M","8,49%"
"01.08.2018","342,79","354,09","357,91","328,03","62,97M","-3,79%"
"01.07.2018","356,30","330,69","364,54","329,10","60,26M","6,20%"
"01.06.2018","335,51","355,79","374,48","327,29","84,54M","-4,73%"
"01.05.2018","352,16","332,50","365,00","319,12","85,71M","5,58%"
"01.04.2018","333,56","325,20","347,67","311,88","103,83M","1,73%"
"01.03.2018","327,88","362,33","362,74","311,17","138,59M","-9,48%"
"01.02.2018","362,21","352,95","371,60","317,39","116,10M","2,21%"
"01.01.2018","354,37","295,75","360,97","295,40","125,95M","20,16%"
"01.12.2017","294,91","277,51","299,33","270,60","71,52M","6,54%"
"01.11.2017","276,80","258,29","277,04","256,24","52,75M","7,30%"
"01.10.2017","257,98","254,65","267,21","253,53","68,77M","1,48%"
"01.09.2017","254,21","239,66","259,30","234,29","76,75M","6,07%"
"01.08.2017","239,66","243,38","243,99","230,94","84,53M","-1,15%"
"01.07.2017","242,46","198,07","246,49","197,75","75,18M","22,61%"
"01.06.2017","197,75","187,41","204,39","184,53","64,61M","5,39%"
"01.05.2017","187,63","184,23","188,26","175,47","66,02M","1,51%"
"01.04.2017","184,83","177,08","184,93","175,50","52,18M","4,51%"
"01.03.2017","176,86","181,85","185,71","173,75","71,35M","-1,87%"
"01.02.2017","180,23","164,25","181,93","160,82","67,32M","10,29%"
"01.01.2017","163,42","156,30","170,00","155,21","73,38M","4,97%"
"01.12.2016","155,68","150,74","160,07","150,02","63,39M","3,40%"
"01.11.2016","150,56","142,95","153,08","138,80","73,97M","5,71%"
"01.10.2016","142,43","131,28","146,23","130,74","80,98M","8,11%"
"01.09.2016","131,74","130,03","133,08","126,31","71,57M","1,77%"
"01.08.2016","129,45","133,21","136,37","129,14","61,48M","-3,15%"
"01.07.2016","133,66","129,54","139,45","123,96","76,15M","2,92%"
"01.06.2016","129,87","126,00","134,55","122,35","102,76M","2,95%"
"01.05.2016","126,15","134,38","135,24","125,88","82,27M","-6,42%"
"01.04.2016","134,80","126,23","137,89","125,11","96,19M","6,19%"
"01.03.2016","126,94","119,01","136,78","118,25","107,86M","7,41%"
"01.02.2016","118,18","119,64","124,91","102,10","153,20M","-1,62%"
"01.01.2016","120,13","141,38","141,70","115,02","135,87M","-16,92%"
"01.12.2015","144,59","146,54","149,80","138,89","79,70M","-0,59%"
"01.11.2015","145,45","148,38","150,59","141,59","52,89M","-1,77%"
"01.10.2015","148,07","131,32","149,60","128,56","92,15M","13,07%"
"01.09.2015","130,95","128,16","139,91","126,94","81,29M","0,21%"
"01.08.2015","130,68","144,44","146,77","115,14","92,85M","-9,36%"
"01.07.2015","144,17","140,48","149,18","139,00","70,14M","3,93%"
"01.06.2015","138,72","141,45","146,53","138,44","70,46M","-1,28%"
"01.05.2015","140,52","144,41","148,30","140,32","79,31M","-1,97%"
"01.04.2015","143,34","149,97","155,50","142,75","84,51M","-4,49%"
"01.03.2015","150,08","150,75","156,91","145,96","81,61M","-0,51%"
"01.02.2015","150,85","143,72","158,83","143,05","92,54M","3,77%"
"01.01.2015","145,37","131,07","148,25","126,18","109,10M","11,84%"
"01.12.2014","129,98","134,31","134,40","120,58","96,87M","-3,26%"
"01.11.2014","134,36","125,35","135,78","123,37","72,42M","7,57%"
"01.10.2014","124,91","127,37","128,00","116,32","107,50M","-1,94%"
"01.09.2014","127,38","125,62","129,87","124,10","75,42M","0,46%"
"01.08.2014","126,80","120,45","129,13","117,87","79,32M","5,25%"
"01.07.2014","120,48","127,66","130,58","120,41","111,87M","-5,31%"
"01.06.2014","127,23","135,50","138,39","126,20","78,79M","-5,93%"
"01.05.2014","135,25","128,74","135,44","128,27","61,53M","4,83%"
"01.04.2014","129,02","126,24","131,50","121,92","77,99M","2,81%"
"01.03.2014","125,49","127,18","131,00","121,37","97,84M","-2,66%"
"01.02.2014","128,92","124,24","130,94","118,77","120,10M","2,92%"
"01.01.2014","125,26","136,01","144,57","123,08","114,26M","-8,23%"
"01.12.2013","136,49","134,99","138,88","130,55","78,70M","1,67%"
"01.11.2013","134,25","130,90","142,00","130,58","88,28M","2,87%"
"01.10.2013","130,50","117,97","131,88","113,34","102,11M","11,06%"
"01.09.2013","117,50","105,13","120,38","104,62","89,34M","13,07%"
"01.08.2013","103,92","105,99","107,95","101,77","79,83M","-1,12%"
"01.07.2013","105,10","102,93","109,49","98,99","152,85M","2,60%"
"01.06.2013","102,44","99,36","104,15","96,31","99,74M","3,45%"
"01.05.2013","99,02","91,08","101,47","90,72","111,63M","8,33%"
"01.04.2013","91,41","85,60","93,38","83,80","106,40M","6,48%"
"01.03.2013","85,85","76,70","86,84","76,17","105,43M","11,64%"
"01.02.2013","76,90","74,49","77,92","74,23","101,45M","4,10%"
"01.01.2013","73,87","76,55","78,02","72,68","191,84M","-1,98%"
"01.12.2012","75,36","74,41","76,56","72,93","90,05M","1,45%"
"01.11.2012","74,28","70,59","74,86","69,30","101,62M","5,45%"
"01.10.2012","70,44","69,86","75,00","69,20","92,10M","1,22%"
"01.09.2012","69,59","71,50","73,27","69,03","103,09M","-2,54%"
"01.08.2012","71,40","74,32","74,69","70,02","85,80M","-3,40%"
"01.07.2012","73,91","74,21","75,96","70,85","86,97M","-0,52%"
"01.06.2012","74,30","68,67","74,37","66,82","88,46M","6,74%"
"01.05.2012","69,61","76,59","77,83","68,93","88,10M","-9,36%"
"01.04.2012","76,80","74,00","77,57","70,59","84,88M","3,27%"
"01.03.2012","74,37","74,96","75,81","72,30","89,64M","-0,77%"
"01.02.2012","74,95","74,96","76,74","74,30","84,34M","1,04%"
"01.01.2012","74,18","74,70","76,70","72,74","103,80M","1,13%"
"01.12.2011","73,35","68,70","74,74","68,51","116,57M","6,78%"
"01.11.2011","68,69","64,23","68,97","62,12","114,62M","4,41%"
"01.10.2011","65,79","60,10","68,76","56,90","127,39M","8,73%"
"01.09.2011","60,51","66,96","67,73","57,53","124,77M","-9,50%"
"01.08.2011","66,86","71,61","71,63","56,01","194,94M","-5,12%"
"01.07.2011","70,47","73,81","76,20","69,07","106,44M","-4,68%"
"01.06.2011","73,93","77,95","78,10","70,29","103,76M","-5,25%"
"01.05.2011","78,03","80,35","80,65","75,13","87,55M","-2,19%"
"01.04.2011","79,78","74,29","80,34","70,88","95,20M","7,91%"
"01.03.2011","73,93","71,93","74,47","67,34","119,87M","2,67%"
"01.02.2011","72,01","70,00","74,29","69,60","91,73M","3,64%"
"01.01.2011","69,48","66,15","72,99","66,00","128,73M","6,47%"
"01.12.2010","65,26","64,66","67,39","62,82","103,95M","2,34%"
"01.11.2010","63,77","70,71","71,89","61,84","150,11M","-9,73%"
"01.10.2010","70,64","67,54","72,49","65,86","97,60M","6,16%"
"01.09.2010","66,54","61,79","67,97","61,66","97,68M","8,85%"
"01.08.2010","61,13","69,01","70,00","59,48","99,25M","-10,29%"
"01.07.2010","68,14","62,48","69,75","60,65","110,03M","8,59%"
"01.06.2010","62,75","64,27","69,34","59,84","141,94M","-2,23%"
"01.05.2010","64,18","72,62","74,70","60,61","152,62M","-11,39%"
"01.04.2010","72,43","73,24","76,00","69,88","117,87M","-0,25%"
"01.03.2010","72,61","63,05","74,53","63,00","163,87M","14,96%"
"01.02.2010","63,16","60,74","64,47","57,14","108,75M","4,22%"
"01.01.2010","60,60","55,72","63,40","54,80","130,69M","11,95%"
"01.12.2009","54,13","52,75","56,56","52,75","103,48M","3,28%"
"01.11.2009","52,41","47,82","53,00","47,33","83,83M","9,64%"
"01.10.2009","47,80","53,85","53,90","47,18","126,95M","-11,73%"
"01.09.2009","54,15","49,21","55,48","47,76","109,47M","9,02%"
"01.08.2009","49,67","43,18","52,53","42,51","150,34M","15,75%"
"01.07.2009","42,91","42,63","44,50","38,92","158,01M","0,96%"
"01.06.2009","42,50","45,54","53,39","41,09","203,99M","-5,24%"
"01.05.2009","44,85","40,31","45,84","40,09","119,29M","11,99%"
"01.04.2009","40,05","34,52","41,74","34,21","158,42M","12,56%"
"01.03.2009","35,58","30,96","38,68","29,05","227,59M","13,17%"
"01.02.2009","31,44","41,73","43,67","31,40","152,46M","-25,69%"
"01.01.2009","42,31","42,80","47,00","39,51","139,72M","-0,84%"
"01.12.2008","42,67","41,64","43,69","36,28","158,65M","0,09%"
"01.11.2008","42,63","51,90","54,65","36,17","177,25M","-18,68%"
"01.10.2008","52,42","56,76","58,00","39,99","253,69M","-8,60%"
"01.09.2008","57,35","67,00","68,47","54,20","169,54M","-12,52%"
"01.08.2008","65,56","61,39","68,75","60,77","133,04M","7,28%"
"01.07.2008","61,11","64,95","69,50","61,01","172,17M","-7,01%"
"01.06.2008","65,72","82,61","82,61","65,55","172,96M","-20,60%"
"01.05.2008","82,77","84,86","88,29","80,55","108,92M","-2,46%"
"01.04.2008","84,86","75,02","86,45","74,04","149,98M","14,11%"
"01.03.2008","74,37","79,32","81,32","71,58","158,21M","-10,17%"
"01.02.2008","82,79","83,37","86,88","78,71","114,90M","-0,47%"
"01.01.2008","83,18","87,57","87,84","74,12","183,81M","-4,89%"
"01.12.2007","87,46","92,50","93,64","85,55","124,40M","-5,49%"
"01.11.2007","92,54","98,30","98,67","86,75","139,23M","-6,14%"
"01.10.2007","98,59","105,45","107,15","92,00","184,12M","-6,10%"
"01.09.2007","104,99","96,10","106,15","94,02","107,61M","8,57%"
"01.08.2007","96,70","103,03","106,35","90,08","137,00M","-6,51%"
"01.07.2007","103,43","96,72","107,83","96,27","107,74M","7,56%"
"01.06.2007","96,16","101,45","101,45","93,58","94,58M","-4,40%"
"01.05.2007","100,59","93,15","100,96","92,38","86,90M","8,16%"
"01.04.2007","93,00","88,90","95,58","88,08","88,00M","4,60%"
"01.03.2007","88,91","86,60","91,87","85,91","87,85M","1,89%"
"01.02.2007","87,26","89,95","92,24","85,24","82,15M","-2,57%"
"01.01.2007","89,56","88,90","90,34","84,60","91,92M","0,81%"
"01.12.2006","88,84","89,60","91,85","88,35","62,93M","0,35%"
"01.11.2006","88,53","80,01","92,05","79,11","110,04M","10,86%"
"01.10.2006","79,86","79,35","84,39","77,77","99,40M","1,28%"
"01.09.2006","78,85","75,00","80,35","72,13","78,90M","5,27%"
"01.08.2006","74,90","77,42","80,83","72,90","89,72M","-3,25%"
"01.07.2006","77,42","81,35","84,06","76,89","84,05M","-5,48%"
"01.06.2006","81,91","83,60","86,23","76,40","101,96M","-1,61%"
"01.05.2006","83,25","83,45","89,58","81,21","82,00M","-0,24%"
"01.04.2006","83,45","78,25","87,25","77,50","71,39M","7,08%"
"01.03.2006","77,93","72,56","79,50","71,90","66,70M","7,21%"
"01.02.2006","72,69","70,00","74,89","70,00","74,05M","6,41%"
"01.01.2006","68,31","70,40","71,27","65,90","76,98M","-2,75%"
"01.12.2005","70,24","68,35","72,40","68,32","67,87M","3,01%"
"01.11.2005","68,19","65,00","69,90","64,20","84,14M","5,49%"
"01.10.2005","64,64","67,92","68,98","63,70","96,56M","-4,87%"
"01.09.2005","67,95","66,65","68,25","62,01","87,90M","1,39%"
"01.08.2005","67,02","66,30","68,38","65,60","63,16M","1,53%"
"01.07.2005","66,01","65,78","67,95","63,45","70,82M","0,02%"
"01.06.2005","66,00","63,95","66,85","59,70","103,80M","3,29%"
"01.05.2005","63,90","59,52","64,20","58,62","83,91M","7,36%"
"01.04.2005","59,52","58,55","60,10","56,22","83,74M","1,81%"
"01.03.2005","58,46","54,98","58,94","54,26","94,24M","6,35%"
"01.02.2005","54,97","50,60","55,05","50,22","75,48M","8,64%"
"01.01.2005","50,60","51,85","52,25","49,52","68,13M","-2,26%"
"01.12.2004","51,77","53,60","55,29","51,62","62,71M","-3,36%"
"01.11.2004","53,57","50,10","55,48","49,65","71,82M","7,35%"
"01.10.2004","49,90","51,62","52,87","48,10","69,46M","-3,33%"
"01.09.2004","51,62","52,10","55,24","50,50","63,02M","-1,15%"
"01.08.2004","52,22","50,20","52,82","48,27","65,59M","2,90%"
"01.07.2004","50,75","50,10","51,25","46,40","67,54M","-0,67%"
"01.06.2004","51,09","45,90","51,49","45,51","75,50M","11,55%"
"01.05.2004","45,80","43,25","46,62","42,29","63,64M","7,29%"
"01.04.2004","42,69","41,07","44,90","40,31","53,87M","3,94%"
"01.03.2004","41,07","43,38","43,87","38,04","70,89M","-5,30%"
"01.02.2004","43,37","41,67","45,10","41,60","69,56M","3,88%"
"01.01.2004","41,75","42,50","44,71","41,47","63,57M","-0,93%"
"01.12.2003","42,14","37,60","43,37","37,60","75,99M","9,77%"
"01.11.2003","38,39","38,54","40,15","37,61","57,75M","-0,26%"
"01.10.2003","38,49","34,50","39,21","34,40","67,05M","12,12%"
"01.09.2003","34,33","37,29","38,90","33,66","69,79M","-8,18%"
"01.08.2003","37,39","32,71","37,46","31,00","66,35M","12,89%"
"01.07.2003","33,12","34,10","35,55","31,16","90,16M","-3,50%"
"01.06.2003","34,32","31,10","37,36","31,00","110,20M","11,90%"
"01.05.2003","30,67","27,17","30,86","27,00","92,03M","12,43%"
"01.04.2003","27,28","25,37","28,66","25,20","99,23M","8,86%"
"01.03.2003","25,06","27,70","28,42","24,73","102,17M","-9,07%"
"01.02.2003","27,56","30,90","31,63","27,24","64,70M","-12,76%"
"01.01.2003","31,59","33,00","34,59","30,20","56,24M","-4,24%"
"01.12.2002","32,99","34,60","34,88","31,25","55,52M","-3,11%"
"01.11.2002","34,05","29,79","35,14","29,56","81,19M","14,45%"
"01.10.2002","29,75","34,32","36,02","28,53","110,66M","-12,83%"
"01.09.2002","34,13","36,80","37,80","33,20","66,25M","-7,93%"
"01.08.2002","37,07","41,00","41,65","34,10","92,03M","-10,72%"
"01.07.2002","41,52","44,97","45,28","37,10","97,69M","-7,73%"
"01.06.2002","45,00","43,40","45,09","41,45","56,59M","5,51%"
"01.05.2002","42,65","44,90","46,03","42,46","60,75M","-4,37%"
"01.04.2002","44,60","48,25","50,05","41,00","102,47M","-7,56%"
"01.03.2002","48,25","46,55","51,07","45,25","75,11M","4,98%"
"01.02.2002","45,96","41,00","47,47","40,50","77,24M","12,23%"
"01.01.2002","40,95","38,54","41,89","37,65","80,55M","5,60%"
"01.12.2001","38,78","35,10","39,42","34,03","69,76M","10,48%"
"01.11.2001","35,10","32,50","36,25","31,58","84,49M","7,67%"
"01.10.2001","32,60","33,50","38,10","32,05","125,11M","-2,69%"
"01.09.2001","33,50","49,75","51,97","27,60","150,54M","-34,57%"
"01.08.2001","51,20","58,65","59,80","50,17","63,82M","-12,52%"
"01.07.2001","58,53","56,60","58,90","52,55","63,89M","5,27%"
"01.06.2001","55,60","63,00","67,55","55,40","84,44M","-11,59%"
"01.05.2001","62,89","62,70","69,85","62,33","65,27M","1,76%"
"01.04.2001","61,80","55,40","64,91","53,92","64,96M","10,93%"
"01.03.2001","55,71","61,85","65,60","49,70","99,19M","-10,43%"
"01.02.2001","62,20","58,00","63,90","56,04","53,23M","6,32%"
"01.01.2001","58,50","64,88","65,31","54,56","82,64M","-11,36%"
"01.12.2000","66,00","68,69","70,94","61,44","78,68M","-4,43%"
"01.11.2000","69,06","67,56","70,00","61,94","73,63M","1,84%"
"01.10.2000","67,81","61,00","67,88","54,00","100,72M","5,13%"
"01.09.2000","64,50","53,81","66,94","53,75","117,18M","20,25%"
"01.08.2000","53,64","48,88","54,88","45,31","99,64M","9,90%"
"01.07.2000","48,81","41,62","50,25","41,44","88,99M","16,74%"
"01.06.2000","41,81","39,56","42,25","37,69","68,45M","7,04%"
"01.05.2000","39,06","39,69","40,19","36,25","64,37M","-1,59%"
"01.04.2000","39,69","37,75","41,25","34,06","78,49M","4,97%"
"01.03.2000","37,81","36,50","38,94","32,00","103,21M","2,36%"
"01.02.2000","36,94","43,88","45,19","35,88","74,72M","-16,99%"
"01.01.2000","44,50","41,62","48,12","39,75","88,99M","7,38%"
"01.12.1999","41,44","40,50","42,12","37,06","82,25M","2,02%"
"01.11.1999","40,62","44,50","44,94","39,81","81,44M","-11,81%"
"01.10.1999","46,06","42,69","46,44","39,12","68,66M","8,07%"
"01.09.1999","42,62","45,31","45,75","41,06","50,36M","-5,94%"
"01.08.1999","45,31","45,31","47,12","43,62","52,79M","-0,15%"
"01.07.1999","45,38","43,62","48,50","42,25","63,99M","3,14%"
"01.06.1999","44,00","42,12","44,75","40,81","55,42M","4,61%"
"01.05.1999","42,06","40,62","45,88","40,00","67,35M","3,55%"
"01.04.1999","40,62","34,00","43,00","33,50","103,15M","19,47%"
"01.03.1999","34,00","35,44","36,56","33,50","76,55M","-4,55%"
"01.02.1999","35,62","34,94","37,69","33,75","65,40M","2,68%"
"01.01.1999","34,69","33,31","36,75","32,56","89,71M","6,35%"
"01.12.1998","32,62","39,50","40,69","31,00","163,87M","-19,69%"
"01.11.1998","40,62","38,12","44,00","37,81","75,33M","8,15%"
"01.10.1998","37,56","33,94","37,88","29,50","82,97M","9,47%"
"01.09.1998","34,31","33,25","37,75","32,12","101,42M","10,89%"
"01.08.1998","30,94","38,56","39,44","30,38","109,85M","-20,28%"
"01.07.1998","38,81","45,25","50,12","37,94","130,36M","-12,90%"
"01.06.1998","44,56","47,50","47,75","42,12","81,32M","-6,68%"
"01.05.1998","47,75","51,94","52,38","45,25","55,20M","-4,61%"
"01.04.1998","50,06","52,38","56,25","48,38","85,22M","-3,95%"
"01.03.1998","52,12","54,25","54,25","50,25","72,45M","-3,93%"
"01.02.1998","54,25","48,06","54,75","46,06","81,41M","13,92%"
"01.01.1998","47,62","49,50","49,81","42,81","98,05M","-2,70%"
"01.12.1997","48,94","54,00","54,62","47,38","66,87M","-7,87%"
"01.11.1997","53,12","48,38","53,38","44,56","78,22M","10,67%"
"01.10.1997","48,00","54,94","55,25","43,00","181,57M","-11,83%"
"01.09.1997","54,44","56,00","58,19","51,31","87,48M","-0,11%"
"01.08.1997","54,50","59,00","59,56","54,19","60,44M","-7,14%"
"01.07.1997","58,69","54,75","60,50","53,38","83,30M","10,61%"
"01.06.1997","53,06","52,81","58,00","52,25","65,25M","0,70%"
"01.05.1997","52,69","49,38","53,12","48,38","87,38M","6,85%"
"01.04.1997","49,31","49,44","51,44","47,00","85,06M","0,00%"
"01.03.1997","49,31","50,62","54,31","49,31","62,37M","-3,09%"
"01.02.1997","50,88","53,56","55,56","50,56","47,80M","-5,00%"
"01.01.1997","53,56","52,94","57,25","51,50","72,21M","0,58%"
"01.12.1996","53,25","49,44","53,75","47,00","64,72M","7,16%"
"01.11.1996","49,69","46,81","50,19","45,12","55,12M","4,19%"
"01.10.1996","47,69","47,50","49,62","46,69","42,47M","0,93%"
"01.09.1996","47,25","45,06","48,00","44,81","43,73M","4,42%"
"01.08.1996","45,25","45,44","46,75","44,19","41,22M","2,26%"
"01.07.1996","44,25","44,00","47,06","39,94","51,75M","1,58%"
"01.06.1996","43,56","42,50","45,25","41,31","44,58M","2,21%"
"01.05.1996","42,62","40,94","43,38","37,06","59,77M","3,80%"
"01.04.1996","41,06","43,50","43,56","38,44","58,99M","-5,20%"
"01.03.1996","43,31","40,75","44,56","38,12","55,70M","6,78%"
"01.02.1996","40,56","38,81","42,31","38,62","43,93M","4,67%"
"01.01.1996","38,75","39,12","40,69","37,69","55,68M","-1,12%"
"01.12.1995","39,19","36,50","40,00","36,19","41,78M","7,55%"
"01.11.1995","36,44","32,94","38,00","32,94","51,00M","11,27%"
"01.10.1995","32,75","34,00","34,06","31,00","41,83M","-4,02%"
"01.09.1995","34,12","32,00","36,19","31,94","41,46M","6,62%"
"01.08.1995","32,00","33,50","34,06","31,12","38,44M","-4,48%"
"01.07.1995","33,50","31,12","34,06","30,19","53,07M","6,99%"
"01.06.1995","31,31","29,31","32,69","29,00","61,69M","6,35%"
"01.05.1995","29,44","27,69","29,44","26,88","48,91M","7,05%"
"01.04.1995","27,50","26,81","28,50","26,31","46,88M","2,31%"
"01.03.1995","26,88","23,12","27,00","22,75","56,75M","16,57%"
"01.02.1995","23,06","22,25","24,12","22,19","50,46M","3,64%"
"01.01.1995","22,25","23,25","24,88","22,19","43,06M","-5,32%"
"01.12.1994","23,50","22,38","24,19","22,38","36,95M","4,72%"
"01.11.1994","22,44","21,81","22,88","21,56","27,67M","2,28%"
"01.10.1994","21,94","21,69","22,31","21,31","28,68M","1,48%"
"01.09.1994","21,62","22,81","23,19","21,25","31,63M","-4,97%"
"01.08.1994","22,75","22,31","23,25","21,81","31,27M","1,97%"
"01.07.1994","22,31","23,06","24,12","22,31","23,66M","-3,50%"
"01.06.1994","23,12","23,12","25,06","22,88","39,44M","-0,30%"
"01.05.1994","23,19","22,50","23,62","21,56","29,62M","3,07%"
"01.04.1994","22,50","21,69","23,06","21,62","30,00M","1,12%"
"01.03.1994","22,25","23,38","24,12","21,62","40,93M","-4,83%"
"01.02.1994","23,38","21,62","24,38","21,06","50,41M","8,14%"
"01.01.1994","21,62","21,75","22,75","21,12","45,73M","0,00%"
"01.12.1993","21,62","19,12","22,38","18,81","61,22M","11,96%"
"01.11.1993","19,31","18,75","20,50","17,69","45,07M","2,99%"
"01.10.1993","18,75","19,12","19,56","18,25","29,70M","-2,29%"
"01.09.1993","19,19","19,75","20,38","19,19","30,24M","-3,13%"
"01.08.1993","19,81","19,50","19,94","18,94","26,56M","0,61%"
"01.07.1993","19,69","18,56","19,88","18,12","25,02M","6,43%"
"01.06.1993","18,50","19,81","20,00","18,38","28,05M","-6,61%"
"01.05.1993","19,81","18,94","20,50","18,75","40,66M","4,26%"
"01.04.1993","19,00","17,56","19,19","17,12","40,64M","8,57%"
"01.03.1993","17,50","17,06","17,88","16,69","49,30M","1,80%"
"01.02.1993","17,19","17,56","18,12","16,69","42,80M","-2,44%"
"01.01.1993","17,62","20,06","20,44","17,00","61,26M","-12,16%"
"01.12.1992","20,06","17,56","20,12","17,00","64,88M","14,24%"
"01.11.1992","17,56","18,00","18,50","16,56","50,20M","-2,44%"
"01.10.1992","18,00","18,25","18,94","17,38","40,43M","-2,07%"
"01.09.1992","18,38","18,56","19,06","17,06","50,20M","-1,29%"
"01.08.1992","18,62","20,00","20,38","18,38","35,69M","-6,90%"
"01.07.1992","20,00","20,06","21,06","19,25","55,13M","0,30%"
"01.06.1992","19,94","21,94","22,69","19,31","43,48M","-9,12%"
"01.05.1992","21,94","21,88","22,38","21,31","38,31M","-0,27%"
"01.04.1992","22,00","21,88","23,75","21,38","42,36M","0,27%"
"01.03.1992","21,94","23,25","23,81","21,69","44,46M","-4,61%"
"01.02.1992","23,00","25,25","25,56","22,50","55,94M","-9,59%"
"01.01.1992","25,44","23,50","27,31","23,31","62,90M","6,53%"
"01.12.1991","23,88","21,88","23,88","20,62","52,23M","7,96%"
"01.11.1991","22,12","24,50","25,00","21,62","44,01M","-10,15%"
"01.10.1991","24,62","24,62","25,56","23,81","34,09M","-2,99%"
"01.09.1991","25,38","25,38","26,50","24,12","49,42M","2,01%"
"01.08.1991","24,88","24,88","25,12","22,06","45,68M","7,29%"
"01.07.1991","23,19","23,19","23,44","21,31","43,22M","1,35%"
"01.06.1991","22,88","22,88","24,88","22,50","41,90M","-6,38%"
"01.05.1991","24,44","24,44","24,75","22,69","50,34M","6,82%"
"01.04.1991","22,88","22,88","24,75","22,56","70,35M","-2,64%"
"01.03.1991","23,50","23,50","25,62","23,38","53,46M","-2,57%"
"01.02.1991","24,12","24,12","26,25","22,50","105,24M","-2,31%"
"01.01.1991","24,69","24,69","24,81","21,56","49,43M","8,81%"
"01.12.1990","22,69","22,69","24,00","21,88","34,28M","2,58%"
"01.11.1990","22,12","22,12","23,75","21,00","54,22M","-1,16%"
"01.10.1990","22,38","22,38","24,69","20,81","59,42M","7,54%"
"01.09.1990","20,81","20,81","24,56","19,25","52,36M","-13,72%"
"01.08.1990","24,12","24,12","29,00","21,19","96,29M","-16,48%"
"01.07.1990","28,88","28,88","30,94","26,62","44,69M","-1,26%"
"01.06.1990","29,25","29,25","30,38","27,33","57,71M","6,52%"
"01.05.1990","27,46","27,46","27,87","23,71","54,89M","18,11%"
"01.04.1990","23,25","23,25","24,92","22,83","38,17M","-2,80%"
"01.03.1990","23,92","23,92","24,83","21,04","56,22M","12,35%"
"01.02.1990","21,29","21,29","21,37","19,75","37,13M","7,80%"
"01.01.1990","19,75","19,75","21,08","18,87","50,16M","-0,20%"
"01.12.1989","19,79","19,79","20,62","18,79","29,75M","-1,05%"
"01.11.1989","20,00","20,00","20,12","17,75","38,30M","6,67%"
"01.10.1989","18,75","18,75","20,62","18,08","56,20M","-1,32%"
"01.09.1989","19,00","19,00","19,75","18,00","39,04M","4,11%"
"01.08.1989","18,25","18,25","18,54","16,54","50,60M","4,52%"
"01.07.1989","17,46","17,46","18,12","16,04","38,51M","9,12%"
"01.06.1989","16,00","16,00","17,86","15,83","55,89M","-10,41%"
"01.05.1989","17,86","17,86","18,31","16,61","70,11M","5,93%"
"01.04.1989","16,86","16,86","17,00","15,00","50,83M","11,14%"
"01.03.1989","15,17","15,17","15,39","13,72","55,71M","10,33%"
"01.02.1989","13,75","13,75","14,22","13,47","46,66M","-2,34%"
"01.01.1989","14,08","14,08","14,17","12,86","69,08M","4,53%"
"01.12.1988","13,47","13,47","14,31","12,94","43,08M","-2,25%"
"01.11.1988","13,78","13,78","14,50","13,47","37,38M","-4,44%"
"01.10.1988","14,42","14,42","15,03","13,94","48,29M","1,19%"
"01.09.1988","14,25","14,25","14,33","12,89","46,32M","8,70%"
"01.08.1988","13,11","13,11","14,03","12,58","59,44M","-2,46%"
"01.07.1988","13,44","13,44","13,44","12,42","48,64M","2,91%"
"01.06.1988","13,06","13,06","13,06","11,97","74,90M","6,87%"
"01.05.1988","12,22","12,22","12,22","10,61","68,59M","14,53%"
"01.04.1988","10,67","10,67","10,75","9,89","30,29M","3,29%"
"01.03.1988","10,33","10,33","11,00","10,11","48,97M","-2,18%"
"01.02.1988","10,56","10,56","10,81","9,64","49,24M","3,83%"
"01.01.1988","10,17","10,17","10,22","8,31","48,22M","23,72%"
"01.12.1987","8,22","8,22","8,81","7,58","48,67M","7,59%"
"01.11.1987","7,64","7,64","8,64","7,58","47,13M","-10,96%"
"01.10.1987","8,58","8,58","11,42","7,56","73,15M","-24,14%"
"01.09.1987","11,31","11,31","11,81","10,92","33,86M","-3,50%"
"01.08.1987","11,72","11,72","11,92","11,22","77,63M","-0,51%"
"01.07.1987","11,78","11,78","12,00","10,25","81,47M","13,05%"
"01.06.1987","10,42","10,42","10,81","9,89","43,25M","3,58%"
"01.05.1987","10,06","10,06","10,44","9,50","60,80M","1,72%"
"01.04.1987","9,89","9,89","11,67","9,72","69,36M","-14,22%"
"01.03.1987","11,53","11,53","12,06","11,22","63,33M","-4,39%"
"01.02.1987","12,06","12,06","12,17","10,97","67,64M","7,97%"
"01.01.1987","11,17","11,17","11,89","10,92","110,28M","-1,67%"
"01.12.1986","11,36","11,36","12,08","11,03","55,54M","0,26%"
"01.11.1986","11,33","11,33","11,83","10,86","60,41M","-3,57%"
"01.10.1986","11,75","11,75","12,58","11,56","50,47M","-0,93%"
"01.09.1986","11,86","11,86","13,47","11,44","40,70M","-11,23%"
"01.08.1986","13,36","13,36","13,83","12,83","38,58M","1,67%"
"01.07.1986","13,14","13,14","14,42","12,89","41,86M","-6,14%"
"01.06.1986","14,00","14,00","14,33","12,61","41,70M","8,19%"
"01.05.1986","12,94","12,94","13,08","11,89","37,76M","3,52%"
"01.04.1986","12,50","12,50","13,19","11,78","41,03M","-1,34%"
"01.03.1986","12,67","12,67","12,83","11,33","45,35M","6,83%"
"01.02.1986","11,86","11,86","12,00","10,17","67,00M","10,63%"
"01.01.1986","10,72","10,72","11,89","10,22","77,39M","-7,67%"
"01.12.1985","11,61","11,61","11,72","10,58","49,05M","6,32%"
"01.11.1985","10,92","10,92","11,11","10,03","45,29M","7,16%"
"01.10.1985","10,19","10,19","10,58","9,22","45,71M","1,09%"
"01.09.1985","10,08","10,08","10,86","9,89","33,70M","-5,71%"
"01.08.1985","10,69","10,69","11,22","10,17","40,49M","-0,28%"
"01.07.1985","10,72","10,72","11,22","9,92","40,28M","7,85%"
"01.06.1985","9,94","9,94","10,37","9,58","40,91M","0,91%"
"01.05.1985","9,85","9,85","9,85","8,41","64,80M","10,18%"
"01.04.1985","8,94","8,94","9,41","8,59","44,41M","-3,46%"
"01.03.1985","9,26","9,26","9,91","8,89","41,29M","-4,54%"
"01.02.1985","9,70","9,70","9,85","9,07","51,86M","4,98%"
"01.01.1985","9,24","9,24","9,33","8,04","89,59M","10,13%"
"01.12.1984","8,39","8,39","8,70","7,67","40,49M","4,88%"
"01.11.1984","8,00","8,00","8,81","7,91","50,60M","-6,54%"
"01.10.1984","8,56","8,56","8,78","7,52","54,53M","7,27%"
"01.09.1984","7,98","7,98","8,50","7,61","58,90M","0,63%"
"01.08.1984","7,93","7,93","8,00","6,96","78,75M","14,27%"
"01.07.1984","6,94","6,94","7,02","6,26","64,49M","7,10%"
"01.06.1984","6,48","6,48","6,59","5,76","58,08M","12,11%"
"01.05.1984","5,78","5,78","5,89","5,48","50,23M","3,96%"
"01.04.1984","5,56","5,56","5,85","5,39","24,17M","-1,59%"
"01.03.1984","5,65","5,65","6,43","5,28","43,95M","-11,58%"
"01.02.1984","6,39","6,39","6,65","6,02","46,83M","-3,03%"
"01.01.1984","6,59","6,59","7,39","6,48","61,60M","1,70%"
"01.12.1983","6,48","6,48","6,89","6,43","37,37M","-4,14%"
"01.11.1983","6,76","6,76","6,81","5,63","60,71M","19,65%"
"01.10.1983","5,65","5,65","6,35","5,52","38,62M","-3,42%"
"01.09.1983","5,85","5,85","6,46","5,61","46,84M","4,28%"
"01.08.1983","5,61","5,61","6,30","5,28","48,80M","-9,08%"
"01.07.1983","6,17","6,17","6,98","6,06","44,61M","-9,00%"
"01.06.1983","6,78","6,78","7,15","5,87","50,51M","14,33%"
"01.05.1983","5,93","5,93","6,13","5,35","50,87M","4,59%"
"01.04.1983","5,67","5,67","6,26","5,63","43,93M","-4,38%"
"01.03.1983","5,93","5,93","6,11","5,26","47,59M","9,21%"
"01.02.1983","5,43","5,43","5,63","5,19","36,73M","0,37%"
"01.01.1983","5,41","5,41","5,52","4,72","46,39M","7,77%"
"01.12.1982","5,02","5,02","5,26","4,63","53,32M","4,58%"
"01.11.1982","4,80","4,80","4,81","3,91","72,36M","18,23%"
"01.10.1982","4,06","4,06","4,20","3,02","68,75M","32,25%"
"01.09.1982","3,07","3,07","3,70","3,06","45,01M","-12,78%"
"01.08.1982","3,52","3,52","3,56","2,37","58,92M","48,52%"
"01.07.1982","2,37","2,37","2,67","2,26","26,09M","3,04%"
"01.06.1982","2,30","2,30","2,52","2,22","26,81M","-8,73%"
"01.05.1982","2,52","2,52","3,04","2,44","25,66M","-10,95%"
"01.04.1982","2,83","2,83","3,13","2,54","33,58M","9,27%"
"01.03.1982","2,59","2,59","2,85","2,56","22,96M","-6,83%"
"01.02.1982","2,78","2,78","3,15","2,72","37,40M","-12,85%"
"01.01.1982","3,19","3,19","3,44","3,02","20,81M","-4,20%"
"01.12.1981","3,33","3,33","3,63","3,26","36,18M","-1,77%"
"01.11.1981","3,39","3,39","3,98","3,30","39,81M","-11,95%"
"01.10.1981","3,85","3,85","4,09","3,48","28,85M","7,84%"
"01.09.1981","3,57","3,57","3,96","3,31","28,35M","4,69%"
"01.08.1981","3,41","3,41","4,22","3,39","34,37M","-16,63%"
"01.07.1981","4,09","4,09","4,52","4,04","27,75M","-9,91%"
"01.06.1981","4,54","4,54","4,96","4,39","29,69M","-5,61%"
"01.05.1981","4,81","4,81","5,09","4,63","25,89M","-4,56%"
"01.04.1981","5,04","5,04","5,33","4,89","25,71M","-3,08%"
"01.03.1981","5,20","5,20","5,39","5,00","41,61M","0,19%"
"01.02.1981","5,19","5,19","5,85","5,04","39,85M","-11,88%"
"01.01.1981","5,89","5,89","6,56","5,83","38,63M","-9,94%"
"01.12.1980","6,54","6,54","6,56","5,35","43,04M","15,34%"
"01.11.1980","5,67","5,67","6,02","5,26","67,16M","6,38%"
"01.10.1980","5,33","5,33","6,20","5,00","78,00M","-6,49%"
"01.09.1980","5,70","5,70","6,20","5,39","34,69M","1,24%"
"01.08.1980","5,63","5,63","5,93","5,43","51,01M","-0,71%"
"01.07.1980","5,67","5,67","6,04","5,13","51,36M","9,25%"
"01.06.1980","5,19","5,19","5,54","5,00","36,11M","1,96%"
"01.05.1980","5,09","5,09","5,41","4,74","43,33M","-5,91%"
"01.04.1980","5,41","5,41","5,85","4,89","42,42M","2,85%"